eMC,err
-4.05307360953125,3.735318741106069e-5
-4.052571121708334,1.3650733848616038e-5
